Camp_Name,coordinates_latitude,coordinates_longitude,governorate,district,site_typology,camp_open,site_reduction_planned,comments,sub_site,site_name,month,camp_mngt,camp_mngt_agency,camp_mngmt_office,camp_mngt_support,camp_mngt_support_agency,camp_mngt_presence,camp_mngt_support_presence,camp_mngt_dedicated_office,camp_mngmt_male_staff,camp_mngmt_female_staff,camp_mngmt_suppot_male_staff,camp_mngmt_suppot_female_staff,camp_mgmt_mechanism_for_compain_request_notIIC,camp_mgmt_mechanism_for_compain_request_process_ifnot,camp_committee,camp_sector_block_leader,camp_recreational_facilities,population_tracking,camp_distribution_announcement,plots/maxm_hosting_capacity,plots/no_of_families_incamp_waiting_shelter,plots/no_of_families_outside_camp_waiting_shelters,shelter_types,shelter_types/modm_tents_installed,shelter_types/modm_tents_occupied,shelter_types/modm_tents_1_winter,shelter_types/modm_tents_2_winter,shelter_types/modm_tents_replacement,shelter_types/unhcr_tents_intalled,shelter_types/unhcr_tents_occupied,shelter_types/unhcr_tents_1_winter,shelter_types/unhcr_tents_2_winter,shelter_types/unhcr_tents_replacement,shelter_types/afad_tents_installed,shelter_types/afad_tents_occupied,shelter_types/afad_tents_1_winter,shelter_types/afad_tents_2_winter,shelter_types/afad_tents_replacement,shelter_types/other_tents_installed,shelter_types/other_tents_occupied,shelter_types/other_tents_1_winter,shelter_types/other_tents_2_winter,shelter_types/other_tents_replacement,shelter_types/caravans_installed,shelter_types/caravans_occupied,shelter_types/caravans_repairs,shelter_types/caravans_replacement,shelter_types/RHU_installed,shelter_types/RHU_occupied,shelter_types/RHU_repairs,shelter_types/RHU_replacement,shelter_types/semi-permanent structure(plastic sheeting_corrugated_iron),shelter_types/semi-permanent structure(plastic sheeting_corrugated_iron)_occupied,shelter_types/semi-permanent structure(plastic sheeting_corrugated_iron)_repairs,shelter_types/improvised_makeshift_shelter,shelter_types/improvised_makeshift_shelter_occupied,shelter_types/Flood Risks,shelter_types/no_of_fireincidents,total_hh/total_families,ind_ages/total_population,ind_ages/ind_age_groups/males_0_2,ind_ages/ind_age_groups/females_0_2,ind_ages/ind_age_groups/males_3_5,ind_ages/ind_age_groups/females_3_5,ind_ages/ind_age_groups/males_6_11,ind_ages/ind_age_groups/females_6_11,ind_ages/ind_age_groups/males_12_17,ind_ages/ind_age_groups/females_12_17,ind_ages/ind_age_groups/males_18_30,ind_ages/ind_age_groups/females_18_30,ind_ages/ind_age_groups/males_31_59,ind_ages/ind_age_groups/females_31_59,ind_ages/ind_age_groups/males_60_over,ind_ages/ind_age_groups/females_60_over,nfi_items/replacement,nfi_items/kerosene cooking/ fuel distribution on the camp ?,nfi_items/kerosene cooking/ source_electiricity,wash/water_quantity,wash/water_source,wash/primarydrinkingwater_color_odour_smellacceptable,wash/avg_days_familiesspentwithoutwaterinlast30days,wash/open_defecation,wash/soap_available_for_washing_hands,wash/primary_waste_disposal,wash/type_of_functionallatrines,wash/no._of_functionallatrines,wash/type_of_functionalshower,wash/no._of_functionalshower,wash/lightning_around_latrines,wash/proportion_latrines_male_female,wash/proportion_latrines_functional_locks,health/Illness_in_site,health/health_phc,health/health_open_days,health/health_open_days_after_COVD19,health/health_phc_emergency_services,health/health_phc_child_health_services,health/health_phc_reproductive_Health_services,health/ambulance_service,health/health_shc,health/health_shc_inside_camp,health/health_shc_distance_from_camp,health/health_shc_emergency_services,health/health_shc_surgical_services,health/health_shc_child_health_services,health/health_shc_reproductive_health_services,health/children_under_5_vaccinatedfor_poliomeasles,food_security/food_access_WFP,food_security/food_access_MoDM,protection/movement_restrictions,protection/movement_restrictions_type,protection/movement_restrictions_changed_since_COVID19,protection/tension between IDPs and Host Communities,protection/anysecurityincidentsinlast30days,protection/adequatefacilitiesservicesforpersonsinsite_physical_mental_disabilities,protection/adequatefacilitiesservicesforpersonsinsite_psychosocial_support,protection/adequatefacilitiesservicesforpersonsinsite_psychosocial_support_changed_since_COVID19,protection/families_missing_documentation,protection/distance to accessible courts and civil registration office (kms),protection/courts and civil registration office_functioning_opertional_to_IDPs,education/functioning_primary_school,education/functioning_primary_school_distance,education/functioning_secondary_school,education/functioning_secondary_school_distance,education/approx_how_many_schoolagedchildren_access_to_school_before_COVID19,education/cleaning_disinfection_of_schol_planned_for_safe_opening,education/informal_education_activities_available,education/access_to_informal_education_before_COVID19,livelihoods/market_available,livelihoods/Nearest market available(kms),livelihoods/market access_before_COVID19,PROTECTION,GBV,CHILD_PROTECTION,EDUCATION,SHELTER,WATER,SANITATION,WASTE_MANAGEMENT,NFI,PHC,SHC,MHPSS,NUTRITION,FOOD,SOCIAL_COHESION,LIVELIHOOD
Arbat IDP,35.4344959,45.590574,Al-Sulaymaniyah,Al-Sulaymaniyah,Camp,Yes,Yes,,IQ0510-0001,IQ0510-0001,August,Yes,Govt.-MoI/JCCC,Yes,No,,5,1,Yes,1,1,0,1,Yes,Complaints boxes,No Committees,No,Community centre or space for community self-run activities,ASSIST,Camp Management Team NGO Community leaders,416,0,0,RHU (Refugee Housing Unit),,,,,,,,,,,,,,,,,,,,,,,,,400,352,0,352,,,,,,No,0,301,1395,75,65,82,62,133,150,109,120,158,157,110,138,13,23,No,No,Electricity grid,82,Dug Well (HH Well),Yes,0,No,Yes,Municipal collection,Private latrines,416,Private showers,416,About three quarters (~75%),All (100%),All (100%),No other issue reported,Yes,6,Reduced services,Yes,Yes,Yes,No,No,No,More than 5 km,,,,,0-25%,Once per month,Once per month,Yes,as normal movement,Restrictions have increased since COVID-19 and are imposed solely for health reasons,No,No,No,Individual counselling PSS through case management,"Some services are functioning as before COVID-19, but some are stopped",42,25,"Yes, currently open and operational for IDPs",Yes,,Yes,,1,Yes,No,1,Yes,,No changes,,DoLSA,DOLSA,UNICEF,JCCC,Mercy Corps,Mercy Corps,Uraos CO.,UNHCR,DoH,,Jiyan Foundation,,WFP,,
Ashti IDP,35.41762,45.60593,Al-Sulaymaniyah,Al-Sulaymaniyah,Camp,Yes,No,,IQ0510-0002,IQ0510-0002,August,Yes,Govt.-MoI/JCCC,Yes,No,,5,2,Yes,2,1,4,0,Yes,Face to face at complaints desk Complaints boxes,Camp Management Committee,Yes,Community centre run by humanitarian organizations (currently closed due to COVID-19) Child Friendly Space (currently closed due to COVID-19),ASSIST,Camp Management Team Facebook Community leaders,2630,0,0,MoMD Type of Tents UNHCR Type ofTents,2074,2074,1800,274,274,412,412,27,385,385,,,,,,,,,,,,,,,,,,,,,,,,No,15,1845,9355,219,205,526,517,954,934,821,796,1282,1197,1044,653,165,42,Yes,No,Electricity grid,57,Network (private access),Yes,5,Yes,Yes,Municipal collection,Private latrines,2630,Private showers,2630,All (100%),None,All (100%),No other issue reported,Yes,7,Opening hours and services have not changed,Yes,Yes,Yes,Yes,No,No,More than 5 km,,,,,76%-100%,Once per month,Once per month,No,,,No,No,No,Structured PSS,"The same services are functioning as before COVID-19, but some or all services are now being delivered remotely (e.g. by phone)",300,30,Usually not functioning for IDPs,Yes,,Yes,,4000,No,No,0,Yes,,No changes,HAI,DoLSA,DOLSA,SSORD,UNHCR,Arche Nova,Arche Nova,Arche Nova,UNHCR,Heevie,,Zhian Org,,WFP,,PLC
Darkar,37.198176,42.832349,Duhok,Zakho,Camp,Yes,No,,IQ0804-0290,IQ0804-0290,August,Yes,Govt.-MoI/JCCC,Yes,Yes,ACTED,5,2,Yes,5,1,1,2,Yes,Hotline phone number Face to face with CCCM staff / Community Mobilisers,Camp Management Committee Distribution Committee Maintenance Committee,No,Child Friendly Space (currently closed due to COVID-19),Excel based,Camp Management Team Camp Committees,801,235,10,Caravans,,,,,,,,,,,,,,,,,,,,,801,800,200,2,,,,,,,,,,No,2,692,3712,134,118,142,171,305,310,294,268,515,537,378,383,71,86,No,No,Electricity grid Generators privately owned,66,Network (private access),Yes,0,No,Yes,Communal garbage bin,Private latrines,800,Private showers,800,All (100%),None,All (100%),"Numerous cases of diarrhoea Skin diseases (scabies, contagious rashes, etc.)",Yes,6,Decreased opening hours,No,No,Yes,Yes,Yes,,,No,No,No,Yes,0-25%,Once per month,Once per month,No,,,No,No,No,No PSS services,There were no services in this camp before COVID-19,300,100,"Yes, currently open and operational for IDPs",Yes,,Yes,,1120,No,No,0,Yes,,Reduced access to a previously accessible market,Harikar,,,,,KURDS,BRHA,BRHA,,ELIS  CARE,,,,,,
Hamam Al Alil 2,36.15132,43.2427,Ninewa,Al-Mosul,Camp,Yes,Yes,,IQ1505-0015,IQ1505-0015,August,Yes,NRC,Yes,No,,7,0,Yes,9,4,,,Yes,Face to face at complaints desk Hotline phone number Complaints boxes Face to face with CCCM staff / Community Mobilisers Through community representatives (e.g. Sector/Block leaders),Camp Management Committee Women committee Youth committee,Yes,Functional sports facilities (e.g. football pitch) Community centre or space for community self-run activities Community centre run by humanitarian organizations (currently closed due to COVID-19) Child Friendly Space (currently closed due to COVID-19),ASSIST,Camp Management Team NGO Community leaders Camp Committees,4656,0,0,UNHCR Type ofTents,,,,,,2334,2322,743,0,1500,,,,,,,,,,,,,,,,,,,,,,,,No,20,1848,8622,275,313,487,537,1104,1070,767,729,517,856,585,1171,41,170,Yes,No,Generators privately owned,65,Network (communal access),Yes,0,Yes,Yes,Private collection,Communal latrines,582,Communal showers,582,About half (~50%),About half (~50%),About half (~50%),"Skin diseases (scabies, contagious rashes, etc.) Numerous cases of fever Numerous cases of respiratory diseases",Yes,7,Opening hours and services have not changed,Yes,Yes,No,Yes,No,No,Between 2- 5 km,,,,,Didn't report,Once per month,Once per month,No,,,No,No,Yes,Psychological First Aid Individual counselling Learning spaces and recreational PSS activities PSS through case management,"The same services are functioning as before COVID-19, and all services are being delivered in-person",1100,5,"Yes, currently open and operational for IDPs",Yes,,No,Between 2-5 km,660,Yes,Yes,850,Yes,,No changes,IMC Intersos TDH-Italy,IMC Intersos,TDH-Italy,NRC,UNHCR NRC,Pekawa,Pekawa,Pekawa,UNHCR NRC,IMC,,IMC ACF,DARY,WFP,,Mercy Corps
Sheikhan,36.677814,43.343325,Ninewa,Al-Shikhan,Camp,Yes,No,,IQ1506-0002,IQ1506-0002,August,Yes,Govt.-MoI/JCCC,Yes,Yes,ACTED,6,2,Yes,4,3,1,1,Yes,Face to face at complaints desk Through community representatives (e.g. Sector/Block leaders),Camp Management Committee,No,Functional sports facilities (e.g. football pitch) Community centre run by humanitarian organizations (currently open) Child Friendly Space (currently open),ASSIST,Camp Management Team Mobile Phones,1004,306,0,MoMD Type of Tents,1004,904,904,904,1004,,,,,,,,,,,,,,,,,,,,,,,,,,,,,No,3,739,3670,97,117,127,135,289,297,289,253,534,541,415,404,69,103,No,No,Electricity grid Centralized generators,50,Network (private access),Yes,0,No,Yes,Municipal collection,Private latrines,1004,Private showers,1004,About three quarters (~75%),None,About three quarters (~75%),Numerous cases of respiratory diseases,Yes,6,Opening hours and services have not changed,Yes,Yes,,Yes,Yes,,,No,No,Yes,Yes,0-25%,Once per month,Once per month,No,,,No,No,No,Psychological First Aid,"Some services are functioning as before COVID-19, but some are stopped",51,5,Yes,Yes,,Yes,,1120,,No,,Yes,,,IOM UNICEF VOP,,,DoE,,LWF,LWF,LWF,,IOM,,,,UNHCR,,
Kabarto 1,36.7863,42.8549,Duhok,Sumail,Camp,Yes,No,,IQ0803-0002,IQ0803-0002,August,Yes,Govt.-MoI/JCCC,Yes,Yes,ACTED,5,0,Yes,3,5,,,Yes,Complaints boxes,Camp Management Committee Women committee Distribution Committee Maintenance Committee WASH Committee Health Committee Education Committee,Yes,Child Friendly Space (currently closed due to COVID-19),Excel based,Camp Management Team,3000,48,23,MoMD Type of Tents,3000,3000,2100,900,900,,,,,,,,,,,,,,,,,,,,,,,,,,,,,No,7,2543,13237,412,472,562,550,1166,1129,973,911,1727,1931,1412,1434,204,354,No,Yes,Electricity grid Generators privately owned,30,Network (private access),Yes,0,No,Yes,Communal garbage bin,Private latrines,3000,Private showers,3000,All (100%),None,All (100%),Other(s) – specify,Yes,7,Opening hours and services have not changed,Yes,Yes,Yes,Yes,Yes,,,Yes,No,Yes,Yes,Didn't report,Once per month,Once per month,No,,,No,No,No,Psychological First Aid,All services that were delivered before COVID-19 are now stopped,90,25,Currently closed due to COVID-19 but usually functioning for IDPs,Yes,,Yes,,3640,No,No,0,No,Within 2 km,No changes,DoLSA Harikar,War Child,DOLSA,War Child DOLSA,SWEDO UNHCR BCF,KURDS,DAMA,KURDS,SWEDO BCF,DAMA,DAMA,IOM VoP,,MoDM,BW,
Harshm,36.256285,43.994913,Erbil,Erbil,Camp,Yes,No,,IQ1102-0002,IQ1102-0002,August,Yes,Govt.-MoI/JCCC,Yes,Yes,BCF,5,0,Yes,5,5,,,Yes,Face to face at complaints desk Hotline phone number Complaints boxes Face to face with CCCM staff / Community Mobilisers,Camp Management Committee,Yes,Functional sports facilities (e.g. football pitch),ASSIST,Camp Management Team,301,38,63,Caravans,,,,,,,,,,,,,,,,,,,,,301,0,100,60,,,,,,,,,,No,1,286,1458,43,44,60,63,152,140,138,147,148,155,166,166,8,28,Yes,No,Electricity grid Generators privately owned Solar,150,Network (private access),Yes,0,No,Yes,Communal garbage bin,Private latrines,236,Private showers,237,Less than a quarter,None,None,"Skin diseases (scabies, contagious rashes, etc.)",Yes,2,Increased opening hours,Yes,Yes,Yes,No,No,No,Didn't report,,,,,26%-50%,More than once per month,More than once per month,Yes,Needing to obtain security clearance/coupons,Restrictions have decreased since COVID-19,No,No,No,Individual counselling No PSS services,There were no services in this camp before COVID-19,16,4,"Yes, currently open and operational for IDPs",Yes,,Yes,,892,Yes,No,0,Yes,,No changes,Al-Masala SWEDO TDH-Italy UNHCR,Al-Masala UNHCR,TDH-Italy UNHCR,,UNHCR BCF,Mercy corps,Mercy corps,Mercy Corps,UNHCR,DoH,,,,MoDM,,
Al-Nabi Younis,33.36286,44.66264,Baghdad,Al-Risafa,Camp,Yes,No,,IQ0707-0001,IQ0707-0001,August,Yes,Govt.-Baghdad Govt.,Yes,Yes,IOM,7,4,Yes,3,0,1,1,Yes,Hotline phone number Face to face with CCCM staff / Community Mobilisers Through community representatives (e.g. Sector/Block leaders),Camp Management Committee Women committee Youth committee Distribution Committee Maintenance Committee,Yes,Functional sports facilities (e.g. football pitch),Paper based,Camp Management Team NGO Loudspeakers,110,0,0,Caravans,,,,,,,,,,,,,,,,,,,,,110,99,0,0,,,,,,,,,,No,0,61,264,5,6,9,10,7,9,35,57,32,35,23,30,3,3,No,No,Electricity grid,60,Purchased from Shop,No,0,Yes,Yes,Municipal collection,Private latrines,110,Private showers,110,About three quarters (~75%),All (100%),About three quarters (~75%),No other issue reported,Yes,5,Decreased opening hours,No,No,No,No,No,No,Between 2- 5 km,,,,,0-25%,No WFP distribution in this camp,Once per month,No,,,No,No,No,No PSS services,There were no services in this camp before COVID-19,0,20,"Yes, currently open and operational for IDPs",Yes,,Yes,,50,No,Yes,0,Yes,,Increased prices,,,,MoE,IOM,Saba' Sanabul,Saba' Sanabul,Saba' Sanabul,IOM,MoH,,,,MoDM,,
Al-Kawthar Camp,32.52555,44.10444,Kerbela,Al-Hindiya,Camp,Yes,No,,IQ1203-0001,IQ1203-0001,August,Yes,Govt.-MoDM,Yes,No,,2,0,Yes,3,1,,,Yes,Hotline phone number Face to face with CCCM staff / Community Mobilisers,Women committee Youth committee,Yes,Community centre run by humanitarian organizations (currently open) Child Friendly Space (currently open),Paper based,Community leaders Mobile Phones Camp Committees,1114,0,0,Caravans,,,,,,,,,,,,,,,,,,,,,1114,85,85,0,,,,,,,,,,No,0,85,519,11,18,20,22,65,57,41,48,47,44,64,70,4,8,No,No,Electricity grid,20,Water Trucking,Yes,0,No,Yes,Municipal collection,Private latrines,85,Private showers,85,None,None,None,No other issue reported,No,6,Didn't report,,,,,No,No,More than 5 km,,,,,Didn't report,No WFP distribution in this camp,Once per month,No,,,No,No,No,Psychological First Aid Structured PSS Individual counselling Learning spaces and recreational PSS activities,"The same services are functioning as before COVID-19, but some or all services are now being delivered remotely (e.g. by phone)",0,15,Didn't report,Yes,,Yes,,211,Didn't report,No,0,No,Within 2 km,No changes,DRC LCN UNHCR,DRC LCN UNHCR,DRC LCN UNHCR,Government/Local Authorities,,Government/Local Authorities,Government / Local Authorities,Government/ Local Authorities,,,,,,,,
Zayona,33.317933,44.445211,Baghdad,Al-Risafa,Camp,Yes,No,,IQ0707-0043,IQ0707-0043,August,Yes,Christian Endowment,Yes,Yes,IOM,7,4,Yes,1,2,1,2,Yes,Hotline phone number Face to face with CCCM staff / Community Mobilisers Through community representatives (e.g. Sector/Block leaders),Camp Management Committee Women committee Youth committee Distribution Committee Maintenance Committee,Yes,Football field but still under construction,Excel based,Camp Management Team NGO Loudspeakers Camp Committees,148,0,0,Caravans,,,,,,,,,,,,,,,,,,,,,148,116,0,0,,,,,,,,,,No,0,110,363,5,6,10,8,52,54,48,37,32,28,26,23,12,22,No,No,Electricity grid,30,Network (private access),Yes,0,No,Yes,Municipal collection,Private latrines,148,Private showers,148,All (100%),All (100%),All (100%),No other issue reported,Yes,5,Opening hours and services have not changed,No,No,No,No,Yes,,,Yes,Yes,No,No,0-25%,No WFP distribution in this camp,Once per month,No,,,No,No,No,No PSS services,There were no services in this camp before COVID-19,0,3,"Yes, currently open and operational for IDPs",No,Within 2 km,No,Within 2 km,100,No,Yes,0,Yes,,Increased prices,,,,,IOM,Saba' Sanabul,Saba' Sanabul,Saba' Sanabul Government/ Local Authorities,IOM,MoH,,IOM,MoDM,MoDM,IOM,
Mamrashan,36.667236,43.433069,Ninewa,Al-Shikhan,Camp,Yes,No,,IQ1506-0003,IQ1506-0003,August,Yes,Govt.-MoI/JCCC,Yes,Yes,ACTED,6,6,Yes,4,2,,,Yes,Hotline phone number Complaints boxes Face to face with CCCM staff / Community Mobilisers Through community representatives (e.g. Sector/Block leaders),Camp Management Committee Distribution Committee Maintenance Committee,Yes,Functional sports facilities (e.g. football pitch) Community centre or space for community self-run activities Community centre run by humanitarian organizations (currently closed due to COVID-19) Child Friendly Space (currently open),Excel based,Camp Management Team Facebook Word of Mouth Camp Committees,105,4,0,Caravans,,,,,,,,,,,,,,,,,,,,,1838,1734,0,0,,,,,,,,,,No,0,1631,8182,216,218,277,264,654,692,565,602,1170,1352,875,906,169,222,No,No,Electricity grid,60,Network (communal access),Yes,0,No,Yes,Communal garbage bin,Private latrines,1838,Private showers,1838,All (100%),None,All (100%),Numerous cases of diarrhoea Numerous cases of respiratory diseases Numerous cases of pregnancy related diseases,Yes,7,Decreased opening hours,No,Yes,Yes,Yes,Yes,,,Yes,No,Yes,Yes,Didn't report,Once per month,Once per month,No,,,No,No,No,Psychological First Aid,"The same services are functioning as before COVID-19, but some or all services are now being delivered remotely (e.g. by phone)",40,25,Usually not functioning for IDPs,Yes,,Yes,,2313,Yes,Yes,150,Yes,,Reduced availability of items Reduced access to a previously accessible market,"Harikar VOP Caritas Essen , Jiyan Foundation, HEEVIE",VOP,VOP,MoE,UNHCR JCCC,Care,Care,Care,MODM,Heevie,Sheikhan General Hospital,Heevie,MoDM WFP,MoDM WFP,JCCC,Humanitarian Organization and Shelter
Al-Ahel,33.48413056,44.18941667,Baghdad,Al-Karkh,Camp,Yes,No,,IQ0701-0002,IQ0701-0002,August,Yes,Govt.-Baghdad Govt.,Yes,Yes,IOM,7,5,Yes,2,1,1,1,Yes,Hotline phone number Face to face with CCCM staff / Community Mobilisers Through community representatives (e.g. Sector/Block leaders),Camp Management Committee Women committee Youth committee Distribution Committee Maintenance Committee WASH Committee,No,Child Friendly Space (currently open),Paper based,Camp Management Team NGO Camp Committees,270,0,0,"RHU (Refugee Housing Unit) Constructed Structure (ex. Housing units constructed by blocks, fully upgraded)",,,,,,,,,,,,,,,,,,,,,,,,,110,70,0,20,160,110,0,,,No,0,81,415,12,14,33,23,16,20,47,51,53,58,40,40,3,5,No,No,Electricity grid,60,Network (private access),Yes,0,Yes,Yes,Municipal collection,Public latrines,120,Public showers,120,About half (~50%),All (100%),All (100%),No other issue reported,Yes,4,Decreased opening hours,No,No,Yes,No,No,No,Between 2- 5 km,,,,,0-25%,No WFP distribution in this camp,Once per month,No,,,No,No,No,No PSS services,There were no services in this camp before COVID-19,0,6,"Yes, currently open and operational for IDPs",No,Within 2 km,No,Within 2 km,30,Yes,No,0,Yes,,Reduced availability of items Increased prices,,,,,,Sabe' Sanabal,Sabe' Sanabal,Sabe' Sanabal,IOM,MoH,,,MoDm,MoDM,,
Al-Wand 2,34.319722,45.451111,Diyala,Khanaqin,Camp,Yes,No,,IQ1004-0004,IQ1004-0004,August,Yes,Govt.-Mayoralty Office,Yes,Yes,BLUMONT,7,0,Yes,8,9,,,Yes,Complaints boxes Face to face with CCCM staff / Community Mobilisers Through community representatives (e.g. Sector/Block leaders),Camp Management Committee Women committee Youth committee Distribution Committee Maintenance Committee WASH Committee Health Committee Education Committee Electricity and Energy and People with specific needs,Yes,Functional sports facilities (e.g. football pitch) Community centre or space for community self-run activities Child Friendly Space (currently closed due to COVID-19),Excel based,Camp Management Team Printed material (banners/posters/pamphlets) Community leaders Radio Camp Committees,512,0,0,UNHCR Type ofTents,,,,,,218,218,6,212,218,,,,,,,,,,,,,,,,,,,,,,,,No,3,162,677,35,36,29,26,65,52,48,40,93,66,76,80,11,20,Yes,No,Electricity grid Generators privately owned,160,Network (communal access),Yes,0,No,Yes,Private collection,Communal latrines,210,Communal showers,157,All (100%),About half (~50%),All (100%),Other(s) – specify,Yes,7,Opening hours and services have not changed,Yes,Yes,Yes,Yes,Yes,,,No,No,Yes,Yes,0-25%,Once per month,Once per month,No,,,No,No,Yes,Psychological First Aid Individual counselling Group counselling (with small amount of people) PSS through case management,"The same services are functioning as before COVID-19, but some or all services are now being delivered remotely (e.g. by phone)",45,12,"Yes, currently open and operational for IDPs",Yes,,No,Within 2 km,310,No,Yes,45,Yes,,No changes,DCVAW KSC LCN SCI UNHCR WEO  Khanzad,DCVAW LCN UNHCR WEO ,KSC SCI UNICEF,DOE ,Blumont UNHCR,Arche Nova,Arche Nova,Arche Nova,IOM Blumont UNHCR Mercy Hands,Zhian Org DoH,Zhian Org,LCN WEO SCI,,WFP MoDM,,Blumont
Berseve 1,37.18099,42.85387,Duhok,Zakho,Camp,Yes,No,,IQ0804-0001,IQ0804-0001,August,Yes,Govt.-MoI/JCCC,Yes,Yes,ACTED,5,0,Yes,6,2,,,Yes,Face to face at complaints desk Face to face with CCCM staff / Community Mobilisers Through community representatives (e.g. Sector/Block leaders),No Committees,Yes,Community centre run by humanitarian organizations (currently open),Excel based,Camp Management Team NGO Facebook Community leaders,2000,0,0,Other (specify),,,,,,,,,,,,,,,,,,,,,,,,,,,,,,,,,,No,0,1277,6656,175,183,257,278,551,560,454,460,960,1063,684,690,133,208,No,No,Centralized generators Generators privately owned,6,Dug Well (HH Well),Yes,0,Yes,Yes,Private collection,Communal latrines Private latrines,865,No showers,0,None,All (100%),About half (~50%),No other issue reported,Yes,7,Opening hours and services have not changed,Yes,Yes,Yes,No,Yes,,,Yes,No,Yes,No,0-25%,Once per month,Once per month,No,,,No,No,No,Psychological First Aid,"Some services are functioning as before COVID-19, but some are stopped",60,15,"Yes, currently open and operational for IDPs",Yes,,Yes,,2500,Didn't report,Yes,120,Yes,,No changes,Seed DJCC,,,UNICEF MOE,JCCC,KURDS,KURDS,Government/ Local Authorities,,Heevie,Heevie,,,,,
Al-Wand 1,34.325296,45.452691,Diyala,Khanaqin,Camp,Yes,No,,IQ1004-0003,IQ1004-0003,August,Yes,Govt.-Mayoralty Office,Yes,Yes,BLUMONT,7,0,Yes,8,9,,,Yes,Complaints boxes Face to face with CCCM staff / Community Mobilisers Through community representatives (e.g. Sector/Block leaders),Camp Management Committee Women committee Youth committee Distribution Committee Maintenance Committee WASH Committee Health Committee Education Committee Electricity and Energy and People with specific needs,Yes,Functional sports facilities (e.g. football pitch) Community centre or space for community self-run activities Community centre run by humanitarian organizations (currently open),Excel based,Camp Management Team Printed material (banners/posters/pamphlets) Community leaders Radio Camp Committees,707,0,0,Caravans,,,,,,,,,,,,,,,,,,,,,707,707,707,0,,,,,,,,,,No,1,494,2174,30,19,145,125,202,204,180,146,298,253,218,255,36,63,Yes,No,Electricity grid Generators privately owned,160,Network (private access),Yes,0,No,Yes,Private collection,Communal latrines,707,Communal showers,707,All (100%),None,All (100%),Other(s) – specify,Yes,7,Opening hours and services have not changed,Yes,Yes,Yes,Yes,Yes,,,No,No,Yes,Yes,0-25%,Once per month,Once per month,No,,,No,No,Yes,Psychological First Aid Individual counselling Group counselling (with small amount of people) PSS through case management,"The same services are functioning as before COVID-19, but some or all services are now being delivered remotely (e.g. by phone)",200,12,"Yes, currently open and operational for IDPs",Yes,,Yes,,830,No,No,0,Yes,,No changes,DCVAW KSC LCN SCI UNHCR WEO Khanzaed,DCVAW LCN UNHCR WEO,KSC SCI UNHCR,DOE,Blumont UNHCR,Arche Nova,Arche Nova,Arche Nova,Blumont UNHCR Mercy Hands,Zhian Org DoH,Zhian Org,LCN WEO  SCI,,WFP MoDM,,Blumont
Berseve 2,37.17934,42.86215,Duhok,Zakho,Camp,Yes,No,,IQ0804-0002,IQ0804-0002,August,Yes,Govt.-MoI/JCCC,Yes,Yes,ACTED,5,5,Yes,5,1,,,No,,Camp Management Committee,No,Community centre run by humanitarian organizations (currently open) Community centre run by humanitarian organizations (currently closed due to COVID-19) Child Friendly Space (currently closed due to COVID-19),Excel based,Camp Management Team,Didn't report,Didn't report,0,"Constructed Structure (ex. Housing units constructed by blocks, fully upgraded)",,,,,,,,,,,,,,,,,,,,,,,,,,,,,0,,0,,,No,4,1538,7623,290,328,302,324,597,676,619,620,1016,754,1050,784,117,146,Yes,Yes,Electricity grid Generators privately owned,75,Network (private access),Yes,0,No,Yes,Communal garbage bin,Private latrines,911,Private showers,911,All (100%),Don’t know / Unsure,Don’t know / Unsure,Numerous cases of diarrhoea Numerous cases of fever Physical disabilities,Yes,7,Increased opening hours,Yes,Didn't report,,Yes,No,No,More than 5 km,,Yes,,,Didn't report,More than once per month,More than once per month,No,,,No,No,Yes,Structured PSS,Didn't report,100,15,Yes,Yes,,Yes,,2643,,No,,Yes,,,Government / Local Authorities,Government / Local Authorities,Government / Local Authorities,MoE,Unknown,Unknown,Government / Local Authorities,,World Vision,DOH,,,,,,
Debaga 1,35.882912,43.808181,Erbil,Makhmour,Camp,Yes,No,,IQ1107-0007,IQ1107-0007,August,Yes,Govt.-MoI/JCCC,Yes,Yes,BCF,5,0,Yes,5,15,0,0,Yes,Complaints boxes Face to face with CCCM staff / Community Mobilisers,Camp Management Committee Distribution Committee,Yes,Community centre or space for community self-run activities,Access Database based,Camp Management Team Facebook Community leaders,247,0,0,"Constructed Structure (ex. Housing units constructed by blocks, fully upgraded)",,,,,,,,,,,,,,,,,,,,,,,,,,,,,0,1553,180,,,No,2,1449,7727,186,210,366,343,859,842,662,641,830,910,768,859,73,178,Yes,No,Electricity grid Centralized generators Generators privately owned,100,Network (communal access),Yes,0,No,Yes,Rubbish pit,Private latrines,1800,Communal showers Private showers,1800,All (100%),All (100%),None,"Numerous cases of diarrhoea Skin diseases (scabies, contagious rashes, etc.) Numerous cases of pregnancy related diseases",Yes,5,Opening hours and services have not changed,No,No,No,Yes,No,No,Didn't report,,,,,Didn't report,Once per month,Once per month,Yes,Time restrictions on when to leave and return provide covide test during return,Restrictions have increased since COVID-19 and are imposed solely for health reasons,No,No,No,Psychological First Aid Individual counselling PSS through case management,"The same services are functioning as before COVID-19, and all services are being delivered in-person",50,35,Usually not functioning for IDPs,Yes,,Yes,,350,No,No,0,Yes,,No changes,SWEDO TDH-Italy UNHCR Al-Masala,Al-Masala,TDH-Italy,Government/Local Authorities,Mercy Corps,Mercy Corps,Mercy Corps-Alqadar,Mercy Corps-Alqadar,UNHCR,IOM Heevie Zhian DoH-Erbil,,Heevie,,WFP MoDM,,TDH
HTC,33.241974,43.576869,Al-Anbar,Al-Falluja,Camp,Yes,Yes,,IQ0102-0001,IQ0102-0001,August,Yes,Govt.- Anbar Emergency Cell,Yes,Yes,DRC,7,5,Yes,19,0,2,1,Yes,Face to face at complaints desk Hotline phone number Complaints boxes Face to face with CCCM staff / Community Mobilisers,Camp Management Committee Women committee,No,Functional sports facilities (e.g. football pitch) Community centre run by humanitarian organizations (currently closed due to COVID-19) Child Friendly Space (currently closed due to COVID-19),Excel based,Camp Management Team,575,0,0,UNHCR Type ofTents RHU (Refugee Housing Unit),,,,,,348,348,276,180,130,,,,,,,,,,,,,,,383,383,50,23,,,,,,No,4,526,2598,77,83,155,160,207,199,286,303,442,588,,,42,56,Yes,No,Electricity grid,15,Network (private access),Yes,0,No,Yes,Communal garbage bin,Communal latrines Private latrines,357,Communal showers Private showers,263,About three quarters (~75%),About half (~50%),About three quarters (~75%),Numerous cases of fever Numerous cases of respiratory diseases,Yes,6,Opening hours and services have not changed,No,Yes,Yes,No,Yes,,,Yes,No,Yes,No,0-25%,Once per month,Once per month,Yes,"Needing to obtain security clearance/coupons Needing to show ID documents to civilian authorities or security actors to exit/enter the camp Time restrictions on when to leave and return Needing to provide a specific reason for movement (employment, medical, school)",Restrictions have increased since COVID-19 and are imposed for other reasons than just health,No,No,No,Psychological First Aid Structured PSS PSS through case management,"The same services are functioning as before COVID-19, but some or all services are now being delivered remotely (e.g. by phone)",30,35,Currently closed due to COVID-19 but usually functioning for IDPs,Yes,,No,Within 2 km,747,No,No,0,Yes,,No changes,DRC,Afkar,DRC SSORD UNICEF,,,SSORD,Mercy Corps SSORD,Mercy Corps,UNHCR Mercy Hands,DARY,,PUI,,WFP,,
Qayyarah-Jad'ah 5,35.76501,43.25513,Ninewa,Al-Mosul,Camp,Yes,No,,IQ1505-0010-004,IQ1505-0010-004,August,Yes,RNVDO,Yes,No,,6,0,Yes,9,0,,,Yes,Complaints boxes Face to face with CCCM staff / Community Mobilisers Through community representatives (e.g. Sector/Block leaders),Women committee Youth committee Maintenance Committee Health Committee Education Committee Sector leader,Yes,Community centre or space for community self-run activities Child Friendly Space (currently open),Excel based,Camp Management Team Camp Committees Sector Representatives,7425,0,0,MoMD Type of Tents,5311,5245,5245,0,0,,,,,,,,,,,,,,,,,,,,,,,,,,,,,Yes,30,4057,16016,735,729,1010,987,1390,1403,1593,1585,1360,1903,1118,1702,155,346,No,Yes,Electricity grid,70,Water Trucking,Yes,0,No,Yes,Communal garbage bin,Public latrines,1392,Public showers Communal showers,1607,All (100%),All (100%),All (100%),No other issue reported,Yes,7,Opening hours and services have not changed,Yes,Yes,Yes,Yes,Yes,,,Yes,Yes,Yes,Yes,0-25%,Once per month,Once per month,No,,,No,No,Yes,Structured PSS Individual counselling Learning spaces and recreational PSS activities PSS through case management,"Some services are functioning as before COVID-19, but some are stopped",300,3,Usually not functioning for IDPs,Yes,,No,Between 2-5 km,1700,No,Yes,307,Yes,,No changes,IMC Intersos WRO,TDH-Italy WRO,TDH-Italy WRO,Intersos,RNVDO,Pekawa UNICEF,Pekawa UNICEF,Pekawa UNICEF,MOMD/ UNICEF,DARY IMC Zhian Org,IOM,DARY IMC,DARY,WFP MoDM,RNVDO,
Khanke,36.77905,42.77649,Duhok,Sumail,Camp,Yes,No,,IQ0803-0005,IQ0803-0005,August,Yes,Govt.-MoI/JCCC,Yes,Yes,ACTED,5,0,Yes,12,2,,,Yes,Hotline phone number Complaints boxes,Camp Management Committee Distribution Committee Maintenance Committee WASH Committee Health Committee Education Committee,No,Community centre run by humanitarian organizations (currently open) Community centre run by humanitarian organizations (currently closed due to COVID-19) Child Friendly Space (currently open) Child Friendly Space (currently closed due to COVID-19),Excel based,Camp Management Team,37,0,0,UNHCR Type ofTents,,,,,,3120,3120,3120,3120,400,,,,,,,,,,,,,,,,,,,,,,,,No,0,2709,14407,406,395,506,514,1184,1186,1103,1061,2075,2083,1600,1623,271,400,No,No,Electricity grid Generators privately owned,75,Network (private access),Yes,0,No,Yes,Municipal collection,Communal latrines,1561,Communal showers,0,All (100%),None,All (100%),"Numerous cases of diarrhoea Skin diseases (scabies, contagious rashes, etc.) Numerous cases of respiratory diseases Numerous trauma-related injuries No other issue reported",Yes,6,Increased opening hours,Yes,Yes,Yes,Yes,No,No,Between 2- 5 km,,,,,0-25%,Once per month,Once per month,No,,,No,No,No,Psychological First Aid,All services that were delivered before COVID-19 are now stopped,25,10,"Yes, currently open and operational for IDPs",Yes,,Yes,,5000,No,No,5000,Yes,,Reduced availability of items,SP VOP Amar FOUNDATION JIYAN FOUNDATION FYF  PDO UNFPA,SOSD FYF,SP VOP FYF,FYF,,KURDS,KURDS,KURDS,,Jiyan Amar,,Jiyan Foundation Amar Foundation UNFPA FYF,,,,
Baharka,36.294349,43.992,Erbil,Erbil,Camp,Yes,No,,IQ1102-0001,IQ1102-0001,August,Yes,Govt.-MoI/JCCC,Yes,Yes,BCF,5,1,Yes,8,8,0,0,Yes,Face to face at complaints desk,Camp Management Committee,Yes,Community centre or space for community self-run activities,Access Database based,Camp Management Team,950,0,50,UNHCR Type ofTents,,,,,,580,580,0,0,0,,,,,,,,,,,,,,,,,,,,,,,,No,2,871,4367,96,90,270,291,501,515,440,422,301,332,570,406,46,87,Yes,No,Electricity grid Generators privately owned,100,Dug Well (HH Well),Yes,0,No,Yes,Municipal collection,Private latrines,1184,Private showers,1184,None,None,None,"Skin diseases (scabies, contagious rashes, etc.) Numerous cases of fever Numerous cases of respiratory diseases",Yes,5,Increased opening hours Opening hours and services have not changed,No,Yes,Yes,Yes,No,No,More than 5 km,,,,,0-25%,Once per month,Once per month,No,,,No,No,No,Structured PSS Individual counselling,"The same services are functioning as before COVID-19, and all services are being delivered in-person",0,80,"Yes, currently open and operational for IDPs",Yes,,Yes,,1188,No,No,0,Yes,,No changes,Al-Masala DCVAW PAO SWEDO,Al-Masala,PAO,Al-Mortaqa,UNHCR,Mercy Corps,Mercy Corps,Qadar,UNHCR,Jiyan Foundation BCF DoH TDH,,,,WFP MoDM,,BCF
Muskar Saad Camp,33.75105448,44.66377843,Diyala,Baquba,Camp,Yes,Yes,,IQ1002-0007,IQ1002-0007,August,Yes,Govt.-Diyala Governorate Office,No,Yes,UNHCR,2,2,No,2,0,,,Yes,Face to face at complaints desk SMS/WhatsApp/Viber number Complaints boxes Face to face with CCCM staff / Community Mobilisers,Camp Management Committee Distribution Committee Maintenance Committee WASH Committee,No,Community centre run by humanitarian organizations (currently closed due to COVID-19) Child Friendly Space (currently closed due to COVID-19),ASSIST,Camp Management Team Printed material (banners/posters/pamphlets) Word of Mouth Local Authorities Community leaders Mobile Phones Camp Committees,159,0,0,Caravans,,,,,,,,,,,,,,,,,,,,,7,159,106,32,,,,,,,,,,No,1,102,500,20,36,25,29,33,44,42,46,50,31,34,92,8,10,Yes,No,Electricity grid,106,Network (private access),Yes,0,Yes,No,Municipal collection,Private latrines,160,Private showers,160,None,All (100%),About a quarter (~ 25%),"Skin diseases (scabies, contagious rashes, etc.) Numerous cases of fever Physical disabilities Mental disabilities",Yes,5,Decreased opening hours Reduced services PHC has closed since the start of COVID-19,Yes,Yes,No,Yes,No,No,Between 2- 5 km,,No,,,76%-100%,More than once per month,More than once per month,No,,,No,No,No,Psychological First Aid Structured PSS Individual counselling Group counselling (with small amount of people) Learning spaces and recreational PSS activities,All services that were delivered before COVID-19 are now stopped,0,3,"Yes, currently open and operational for IDPs",Yes,,No,Between 2-5 km,1,Yes,No,0,Yes,,Reduced availability of items Increased prices Reduced access to a previously accessible market No access to a previously accessible market,DRC UNHCR,UNFPA UNHCR,UNFPA UNHCR,,,,,,Government / Local Authorities MOMD UNHCR,,,,,,,
Essian,36.72461,43.26904,Ninewa,Al-Shikhan,Camp,Yes,No,,IQ1506-0001,IQ1506-0001,August,Yes,Govt.-MoI/JCCC,Yes,Yes,ACTED,6,6,Yes,8,1,,,No,,Camp Management Committee,No,Community centre run by humanitarian organizations (currently closed due to COVID-19),Excel based,Camp Management Team NGO Facebook Mobile Phones,Didn't report,150,0,MoMD Type of Tents,3003,3000,0,0,200,,,,,,,,,,,,,,,,,,,,,,,,,,,,,No,3,2680,14269,385,433,665,620,915,980,615,691,2013,1154,2618,2381,342,457,No,No,Electricity grid Centralized generators,30,Network (private access),Yes,0,No,Yes,Communal garbage bin,Private latrines,3000,Private showers,3000,About three quarters (~75%),About three quarters (~75%),About three quarters (~75%),Numerous trauma-related injuries,Yes,7,Decreased opening hours,No,Yes,No,Yes,No,Yes,,,,,,0-25%,Once per month,Once per month,No,,,No,No,No,Psychological First Aid,Didn't report,0,0,Didn't report,Yes,,Yes,,0,No,No,0,No,None that the household can access (non-COVID-19 movement restrictions/security),Reduced availability of items,,WAR CHILD,,UNICEF SWEDO Caritas-Czech,Harikar,DoH,Harikar,Harikar DoH,JCCC,,,,,,,
Bajet Kandala,37.054789,42.445256,Duhok,Sumail,Camp,Yes,No,,IQ0803-0001,IQ0803-0001,August,Yes,Govt.-MoI/JCCC,Yes,Yes,ACTED,6,6,Yes,10,2,,,Yes,Face to face at complaints desk Face to face with CCCM staff / Community Mobilisers,Camp Management Committee Women committee Youth committee Distribution Committee Maintenance Committee WASH Committee Health Committee Education Committee,Yes,Community centre or space for community self-run activities Community centre run by humanitarian organizations (currently open) Child Friendly Space (currently open),Excel based,Camp Management Team NGO Printed material (banners/posters/pamphlets) Facebook Word of Mouth Internet (news websites) Mobile Phones Camp Committees,Didn't report,0,0,UNHCR Type ofTents,,,,,,1522,1522,0,0,0,,,,,,,,,,,,,,,,,,,,,,,,Yes,5,1900,9706,309,311,342,311,775,788,701,755,1367,1495,1003,1066,203,280,No,No,Electricity grid,92,Dug Well (HH Well),Yes,0,No,Yes,Communal garbage bin,Communal latrines,914,Communal showers,893,About half (~50%),About half (~50%),All (100%),Numerous trauma-related injuries,Yes,6,Decreased opening hours,Yes,Yes,Yes,Yes,Yes,,,Yes,Yes,Yes,Yes,Didn't report,Once per month,Once per month,No,,,Prefer not to say,Didn't report,Didn't report,Group counselling (with small amount of people),Didn't report,0,20,Didn't report,Yes,,Yes,,3000,Yes,Didn't report,0,Yes,,Reduced availability of items,,,,Government/Local Authorities,,KURDS,KURDS,Government/ Local Authorities,ACTED WVI MoDM,,,PUI Harikar,,,Harikar,
Mamilian,36.68664,43.7965,Ninewa,Aqra,Camp,Yes,No,,IQ1501-0002,IQ1501-0002,August,Yes,Govt.-MoI/JCCC,Yes,Yes,ACTED,6,6,Yes,4,2,,,No,,No Committees,Yes,No,Excel based,Camp Management Team Community leaders Loudspeakers,2800,0,0,MoMD Type of Tents,200,200,200,200,200,,,,,,,,,,,,,,,,,,,,,,,,,,,,,No,0,171,881,37,36,48,46,87,72,60,55,82,129,92,97,14,26,No,No,Electricity grid,300,Network (private access),Yes,0,No,Yes,Municipal collection,Private latrines,171,Communal showers Private showers,171,All (100%),None,All (100%),No other issue reported,Yes,6,Opening hours and services have not changed,No,Yes,Yes,No,No,No,More than 5 km,,,,,0-25%,Once per month,Once per month,No,,,No,No,No,No PSS services,There were no services in this camp before COVID-19,16,14,Usually not functioning for IDPs,Yes,,Yes,,1500,No,No,0,Yes,,No changes,,,,,,PAH,PAH,PAH,,Sema,,,,,,
Hasansham U3,36.32304,43.5395,Ninewa,Al-Hamdaniya,Camp,Yes,No,,IQ1503-0030,IQ1503-0030,August,Yes,Govt.-MoI/JCCC,Yes,No,,5,5,Yes,5,11,0,0,No,,Camp Management Committee WASH Committee Health Committee,Yes,Community centre or space for community self-run activities Community centre run by humanitarian organizations (currently open) Child Friendly Space (currently closed due to COVID-19),ASSIST,Camp Management Team Camp Committees,1936,0,0,"UNHCR Type ofTents Constructed Structure (ex. Housing units constructed by blocks, fully upgraded)",,,,,,1440,1495,1200,1100,251,,,,,,,,,,,,,,,,,,,1,55,0,,,Yes,3,1194,5461,111,99,318,297,658,697,504,481,447,631,390,678,44,106,No,No,Centralized generators,70,Water Trucking,Yes,0,No,Yes,Communal garbage bin,Communal latrines,475,Communal showers,475,About a quarter (~ 25%),About a quarter (~ 25%),About three quarters (~75%),"Numerous cases of diarrhoea Skin diseases (scabies, contagious rashes, etc.) Numerous cases of fever Numerous cases of respiratory diseases Numerous cases of pregnancy related diseases",Yes,5,Opening hours and services have not changed,Yes,Yes,No,Yes,No,No,Didn't report,,,,,0-25%,No WFP distribution in this camp,Once per month,No,,,No,No,Yes,PSS through case management,"The same services are functioning as before COVID-19, and all services are being delivered in-person",500,5,Currently closed due to COVID-19 but usually functioning for IDPs,Yes,,No,Within 2 km,1730,No,Yes,600,Yes,,No changes,Al-Masala IOM SWEDO TDH-Italy UNHCR,Al-Masala,TDH-Italy,TDH-Italy,UNHCR,PAH,PAH,PAH,UNHCR,BCF,,IOM,UNICEF,MoDM,,BCF
Laylan IDP,35.3282247,44.5305443,Kirkuk,Kirkuk,Camp,Yes,No,,IQ1302-0001,IQ1302-0001,August,Yes,Blumont,Yes,No,,5,0,Yes,49,9,,,Yes,Hotline phone number Complaints boxes Face to face with CCCM staff / Community Mobilisers Through community representatives (e.g. Sector/Block leaders),Women committee Youth committee Children committee - Conflict committee,Yes,Functional sports facilities (e.g. football pitch) Community centre run by humanitarian organizations (currently closed due to COVID-19) Child Friendly Space (currently closed due to COVID-19),Excel based,Camp Management Team Word of Mouth Community leaders Loudspeakers Camp Committees,2005,0,0,UNHCR Type ofTents,,,,,,1798,1798,289,1509,72,,,,,,,,,,,,,,,,,,,,,,,,No,5,1329,7143,343,316,576,509,653,679,770,692,484,890,366,653,63,149,Yes,No,Electricity grid,90,Dug Well (HH Well),Yes,0,No,Yes,Communal garbage bin,Communal latrines,520,Communal showers,328,All (100%),About half (~50%),All (100%),"Skin diseases (scabies, contagious rashes, etc.)",Yes,7,Opening hours and services have not changed,Yes,Yes,Yes,Yes,No,No,Between 2- 5 km,,,,,76%-100%,Once per month,Once per month,No,,,No,No,No,Individual counselling Group counselling (with small amount of people) PSS through case management,"The same services are functioning as before COVID-19, but some or all services are now being delivered remotely (e.g. by phone)",116,30,"Yes, currently open and operational for IDPs",Yes,,Yes,,2505,No,No,0,Yes,,No changes,HAI,IAA IRC,FUAD,DoE,Blumont,Mercy Corps,Mercy Corps,Mercy Corps,Blumont,WVI DoH,,Zhian Org,,WFP,,WEO/TearFund
As Salamyiah 2,36.1537365,43.3208858,Ninewa,Al-Hamdaniya,Camp,Yes,No,,IQ1503-0027-002,IQ1503-0027-002,August,Yes,ACTED,Yes,No,,7,0,Yes,26,11,,,Yes,Face to face at complaints desk Hotline phone number Complaints boxes Face to face with CCCM staff / Community Mobilisers Through community representatives (e.g. Sector/Block leaders),Camp Management Committee Women committee Youth committee Distribution Committee Maintenance Committee WASH Committee Health Committee Education Committee,Yes,Functional sports facilities (e.g. football pitch) Community centre or space for community self-run activities Community centre run by humanitarian organizations (currently closed due to COVID-19) Child Friendly Space (currently closed due to COVID-19),ASSIST,Camp Management Team Facebook Community leaders Camp Committees,5687,35,0,MoMD Type of Tents UNHCR Type ofTents,692,692,692,0,30,4748,2665,1420,1420,1420,,,,,,,,,,,,,,,,,,,,,,,,No,12,2583,12767,557,569,709,741,1406,1375,1035,1019,1092,1389,975,1493,140,267,Yes,No,Centralized generators,70,water trucking and network(communal access),Yes,0,No,Yes,Communal garbage bin,Communal latrines,250,Communal showers,250,All (100%),All (100%),About three quarters (~75%),"Skin diseases (scabies, contagious rashes, etc.)",Yes,7,Opening hours and services have not changed,Yes,Yes,Yes,Yes,Yes,,,Yes,No,Yes,Yes,0-25%,Once per month,Once per month,Yes,Needing to show ID documents to civilian authorities or security actors to exit/enter the camp Time restrictions on when to leave and return,Restrictions have increased since COVID-19 and are imposed solely for health reasons,No,No,Yes,Psychological First Aid Structured PSS Individual counselling PSS through case management,"The same services are functioning as before COVID-19, but some or all services are now being delivered remotely (e.g. by phone)",700,15,"Yes, currently open and operational for IDPs",Yes,,Yes,,4000,No,Yes,300,Yes,,No changes,Intersos,WRO UIMS,IRC TDH-Italy,Intersos,UNHCR,Pekawa ACTED,Pekawa ACTED,Pekawa ACTED,UNHCR,PUI,PUI,PUI,DARY,WFP MoDM,,ACTED
Qayyarah-Jad'ah 1,35.76045,43.268035,Ninewa,Al-Mosul,Camp,Yes,No,,IQ1505-0010-001,IQ1505-0010-001,August,Yes,RNVDO,Yes,No,,6,0,Yes,8,0,,,Yes,Hotline phone number Complaints boxes Through community representatives (e.g. Sector/Block leaders),Women committee Youth committee Maintenance Committee WASH Committee Sector representative committee,Yes,Community centre or space for community self-run activities Child Friendly Space (currently open),Excel based,Camp Management Team NGO Camp Committees,2000,0,0,MoMD Type of Tents,1419,1285,1285,0,0,,,,,,,,,,,,,,,,,,,,,,,,,,,,,No,25,1156,4452,25,30,30,32,222,210,220,254,951,938,673,742,79,46,Yes,No,Electricity grid,60,Water Trucking,Yes,0,No,Yes,Communal garbage bin,Public latrines,260,Public showers,260,All (100%),About three quarters (~75%),All (100%),No other issue reported,Yes,7,Opening hours and services have not changed,Yes,Yes,Yes,Yes,No,No,Between 2- 5 km,,,,,0-25%,Once per month,Once per month,No,,,No,No,Yes,Structured PSS Individual counselling PSS through case management,"The same services are functioning as before COVID-19, and all services are being delivered in-person",100,3,Usually not functioning for IDPs,Yes,,Yes,,400,No,Yes,1900,Yes,,No changes,IMC TDH-Italy WRO,TDH-Italy WRO,TDH-Italy WRO,,,Pekawa UNICEF,Pekawa UNICEF,Pekawa UNICEF,,IMC Zhian,,IMC,DAMA,WFP MoDM,RNVDO,
Rwanga Community,37.0603,42.618683,Duhok,Sumail,Camp,Yes,No,,IQ0803-0004,IQ0803-0004,August,Yes,Govt.-MoI/JCCC,Yes,Yes,ACTED,6,5,Yes,4,3,,,Yes,Through community representatives (e.g. Sector/Block leaders),No Committees,Yes,Functional sports facilities (e.g. football pitch) Community centre run by humanitarian organizations (currently closed due to COVID-19) Child Friendly Space (currently closed due to COVID-19),Excel based,Community leaders,Didn't report,35,10,Caravans,,,,,,,,,,,,,,,,,,,,,3000,3000,0,0,,,,,,,,,,No,0,2484,13185,228,317,389,489,1014,1059,923,973,1924,2240,1491,1515,273,350,No,Yes,Electricity grid Centralized generators,67,Dug Well (HH Well),Yes,0,No,Yes,Municipal collection,Private latrines,3000,Private showers,3000,About three quarters (~75%),Don’t know / Unsure,About three quarters (~75%),No other issue reported,Yes,5,Opening hours and services have not changed,Yes,Yes,No,Yes,No,Yes,,,,,,0-25%,Once per month,Once per month,No,,,No,No,No,Psychological First Aid Individual counselling,Didn't report,0,35,Didn't report,Yes,,Yes,,3069,No,No,0,Yes,,No changes,,,,MoE,,Government/Local Authorities,KURDS,KURDS,,Heevie,Heevie,,WVI MoDM,WFP,,
Latifiya 2,32.9851222,44.4756722,Baghdad,Al-Mahmoudiya,Camp,Yes,No,,IQ0706-0003,IQ0706-0003,August,Yes,Govt.-Mayoralty Office,Yes,Yes,BLUMONT,4,4,Yes,3,1,,,Yes,Hotline phone number Complaints boxes,Camp Management Committee Women committee Youth committee Maintenance Committee WASH Committee Health Committee Education Committee Safety Committee,Yes,Recreational workshops (caravans) inside the camp and the space constructed by the organization,Paper based,Camp Management Team NGO Community leaders Camp Committees,Didn't report,0,0,MoMD Type of Tents Makeshift or Improvised Shelter,4,4,4,4,4,,,,,,,,,,,,,,,,,,,,,,,,,,,8,8,No,1,12,56,1,1,6,6,1,5,4,7,9,10,3,2,0,1,No,No,Electricity grid Generators privately owned,40,Network (communal access),Yes,10,No,No,Private collection,Communal latrines,5,Communal showers,5,All (100%),About three quarters (~75%),Less than a quarter,"Skin diseases (scabies, contagious rashes, etc.) Other(s) – specify",No,6,Decreased opening hours,,,,,No,No,More than 5 km,,,,,0-25%,No WFP distribution in this camp,Once per month,No,,,No,No,No,Structured PSS PSS through case management,There were no services in this camp before COVID-19,0,3,"Yes, currently open and operational for IDPs",No,Within 2 km,No,Within 2 km,5,Didn't report,No,0,No,Within 2 km,Reduced access to a previously accessible market,Umel Yateem Foundation,,,,,,,,UNHCR,,PUI,PUI,,,,
Latifiya 1,32.91360323,44.55127716,Baghdad,Al-Mahmoudiya,Camp,Yes,No,,IQ0706-0004,IQ0706-0004,August,Yes,Govt.-Mayoralty Office,Yes,Yes,BLUMONT,4,4,Yes,3,1,,,Yes,Hotline phone number Complaints boxes,Camp Management Committee Women committee Youth committee Maintenance Committee WASH Committee Health Committee Education Committee Safety & Security Committee,Yes,Workshops caravans for recreational  & Shaded area,Paper based,Camp Management Team NGO Community leaders Camp Committees,Didn't report,0,0,MoMD Type of Tents Makeshift or Improvised Shelter,11,11,11,11,11,,,,,,,,,,,,,,,,,,,,,,,,,,,17,17,No,2,28,119,2,1,7,3,15,13,25,9,12,12,4,14,0,2,No,No,Electricity grid Generators privately owned,40,RO Unit,Yes,10,No,No,Private collection,Communal latrines,10,Communal showers,10,All (100%),About three quarters (~75%),Less than a quarter,"Skin diseases (scabies, contagious rashes, etc.) Other(s) – specify",No,6,Increased opening hours,,,,,No,No,More than 5 km,,,,,0-25%,No WFP distribution in this camp,Once per month,No,,,No,No,No,Structured PSS PSS through case management,There were no services in this camp before COVID-19,0,3,"Yes, currently open and operational for IDPs",No,Within 2 km,No,Within 2 km,30,Didn't report,No,0,No,Within 2 km,Reduced access to a previously accessible market,LCN,Umel Yateem Foundation,,,,,,,UNHCR,,,PUI,,,,
Kabarto 2,36.79299,42.85833,Duhok,Sumail,Camp,Yes,No,,IQ0803-0003,IQ0803-0003,August,Yes,Govt.-MoI/JCCC,Yes,Yes,ACTED,6,1,Yes,6,4,,,Yes,Face to face at complaints desk Complaints boxes,Camp Management Committee Distribution Committee Maintenance Committee WASH Committee Health Committee,Yes,Functional sports facilities (e.g. football pitch) Community centre or space for community self-run activities Community centre run by humanitarian organizations (currently open) Community centre run by humanitarian organizations (currently closed due to COVID-19) Child Friendly Space (currently open) Child Friendly Space (currently closed due to COVID-19),Excel based,Camp Management Team Facebook Community leaders,3000,96,0,MoMD Type of Tents,3000,3000,0,3000,0,,,,,,,,,,,,,,,,,,,,,,,,,,,,,Yes,8,2611,13226,538,558,576,580,1023,1115,968,940,1768,2011,1258,1291,264,336,No,Yes,Electricity grid Centralized generators,54,Network (communal access),Yes,5,No,Yes,Communal garbage bin,Private latrines,3000,Private showers,3000,All (100%),None,All (100%),No other issue reported,Yes,6,Increased opening hours,Yes,Yes,Yes,Yes,Yes,,,Yes,No,Yes,Yes,Didn't report,Once per month,Once per month,No,,,No,No,No,Individual counselling Group counselling (with small amount of people) PSS through case management,"The same services are functioning as before COVID-19, but some or all services are now being delivered remotely (e.g. by phone)",200,15,"Yes, currently open and operational for IDPs",Yes,,Yes,,3750,Didn't report,No,0,Yes,,Reduced availability of items Increased prices Reduced access to a previously accessible market,Harikar IOM VOP,SOSD VOP,SOSD War Child,Sosd,,BRHA,BRHA,BRHA,SWEDO UNHCR,Heevie,,Harikar Heevie,UNICEF,WFP,,PLC
Shariya,36.79687,42.96181,Duhok,Sumail,Camp,Yes,No,,IQ0803-0006,IQ0803-0006,August,Yes,Govt.-MoI/JCCC,Yes,Yes,ACTED,6,5,Yes,10,1,,,Yes,Face to face with CCCM staff / Community Mobilisers Through community representatives (e.g. Sector/Block leaders),Camp Management Committee Youth committee,Yes,Functional sports facilities (e.g. football pitch) Community centre run by humanitarian organizations (currently closed due to COVID-19) Child Friendly Space (currently closed due to COVID-19),Excel based,Camp Management Team Word of Mouth Community leaders,4000,100,30,AFAD  Type Tents,,,,,,,,,,,4000,3750,0,1000,1000,,,,,,,,,,,,,,,,,,,Yes,4,2947,15663,313,406,535,576,1337,1344,1244,1139,2159,2480,1720,1730,264,416,No,Yes,Electricity grid Generators privately owned,70,Network (communal access),Yes,0,Yes,Yes,Municipal collection,Public latrines,800,Public showers,768,About a quarter (~ 25%),All (100%),Less than a quarter,"Skin diseases (scabies, contagious rashes, etc.) Numerous trauma-related injuries",Yes,6,Increased opening hours,Yes,Yes,Yes,Yes,Yes,,,Yes,No,Yes,Yes,0-25%,Less than once a month,Once per month,No,,,No,No,Yes,Structured PSS,"The same services are functioning as before COVID-19, but some or all services are now being delivered remotely (e.g. by phone)",300,15,Currently closed due to COVID-19 but usually functioning for IDPs,Yes,,Yes,,2500,Yes,Yes,750,Yes,,Reduced availability of items,Harikar IOM,SOSD Spring of Hope Mission Enfance,SOSD  Spring of Hope Mission Enfance,Spring of Hope Mission Enfance SOSD,,PWJ,PWJ,PWJ,PWJ MoDM,Heevie,Heevie,IOM Harikar Heevie,MoDM,BCF MoDM,,IOM
Al Karamah,34.691389,43.618333,Salah al-Din,Tikrit,Camp,Yes,No,,IQ1808-0014-002,IQ1808-0014-002,August,Yes,Govt.-MoI/JCCC,Yes,Yes,BLUMONT,5,5,Yes,2,3,4,1,Yes,Hotline phone number Complaints boxes Face to face with CCCM staff / Community Mobilisers Through community representatives (e.g. Sector/Block leaders),Camp Management Committee Women committee Youth committee Distribution Committee Maintenance Committee WASH Committee Health Committee Education Committee,Yes,Community centre or space for community self-run activities Community centre run by humanitarian organizations (currently open) Child Friendly Space (currently closed due to COVID-19),Excel based,Camp Management Team Word of Mouth Community leaders,683,0,0,MoMD Type of Tents,1546,393,100,55,75,,,,,,,,,,,,,,,,,,,,,,,,,,,,,No,2,177,726,6,3,52,49,83,90,79,85,28,38,109,84,8,12,Yes,No,Electricity grid,20,Network (communal access),Yes,0,No,Yes,Municipal collection,Communal latrines,176,Communal showers,84,About three quarters (~75%),All (100%),About three quarters (~75%),"Skin diseases (scabies, contagious rashes, etc.) Numerous cases of fever",Yes,5,Opening hours and services have not changed Reduced services,Yes,No,Yes,No,Yes,,,Yes,Yes,Yes,Yes,26%-50%,Once per month,Less than once a month,Yes,"Needing to obtain security clearance/coupons Needing to provide a specific reason for movement (employment, medical, school)",Restrictions have increased since COVID-19 and are imposed solely for health reasons,No,No,No,Psychological First Aid PSS through case management,"The same services are functioning as before COVID-19, and all services are being delivered in-person",553,7,"Yes, currently open and operational for IDPs",Yes,,No,Within 2 km,240,Yes,No,0,Yes,,No changes,Intersos IRC Tajdid,BROB Intersos,BROB Intersos,,,SSDF,SSDF,Mercy Corps,Mercy Hands,UIMS DAMA,DAMA,,,WFP,,
Yahyawa,35.327263,44.49611,Kirkuk,Kirkuk,Camp,Yes,No,,IQ1302-0002,IQ1302-0002,August,Yes,IDP self-management,Yes,Yes,BLUMONT,6,5,Yes,8,0,4,1,Yes,Complaints boxes Through community representatives (e.g. Sector/Block leaders),Camp Management Committee Women committee Youth committee Distribution Committee Other Committee,Yes,Child Friendly Space (currently open),Excel based,Camp Management Team Loudspeakers Camp Committees,Didn't report,0,0,"UNHCR Type ofTents AFAD  Type Tents Caravans Constructed Structure (ex. Housing units constructed by blocks, fully upgraded)",,,,,,107,107,107,0,0,49,49,49,49,0,,,,,,36,36,0,0,,,,,199,199,0,,,No,0,349,1906,90,80,98,110,205,230,209,206,155,146,186,119,26,46,No,No,Electricity grid,125,Dug Well (HH Well),Yes,0,No,Yes,Communal garbage bin,Private latrines,9,Public showers Private showers,6,About three quarters (~75%),About half (~50%),About half (~50%),Other(s) – specify,Yes,6,Decreased opening hours,No,Yes,Yes,No,Yes,,,No,No,Yes,Yes,0-25%,Once per month,Once per month,No,,,No,Yes,Yes,No PSS services,There were no services in this camp before COVID-19,1,3,Didn't report,Yes,,Yes,,800,Yes,No,800,Yes,,Reduced availability of items Increased prices Reduced access to a previously accessible market,,SCI,SCI,,,Mercy Corps,Mercy Corps,Mercy Corps,MoDM Mercy Corps,,IOM,,,WFP,Iraqi Alamal Association,
Chamishku,37.178,42.668,Duhok,Zakho,Camp,Yes,No,,IQ0804-0003,IQ0804-0003,August,Yes,Govt.-MoI/JCCC,Yes,Yes,ACTED,5,5,Yes,10,3,,,Yes,Face to face at complaints desk Complaints boxes,Camp Management Committee,Yes,Community centre run by humanitarian organizations (currently open) Community centre run by humanitarian organizations (currently closed due to COVID-19) Child Friendly Space (currently open) Child Friendly Space (currently closed due to COVID-19),Excel based,Camp Management Team Community leaders,5000,104,122,MoMD Type of Tents,3000,5000,0,0,2000,,,,,,,,,,,,,,,,,,,,,,,,,,,,,No,2,4740,24621,623,586,772,893,1864,1919,1676,1749,3622,3821,2892,2956,506,742,No,No,Electricity grid Centralized generators,65,Dug Well (HH Well),Yes,0,Yes,Yes,Municipal collection,Public latrines,5000,Public showers,5000,All (100%),All (100%),All (100%),Other(s) – specify,Yes,6,Increased opening hours,Yes,Yes,Yes,Yes,Yes,,,Yes,No,Yes,Yes,76%-100%,Once per month,Once per month,No,,,No,No,Yes,Psychological First Aid,"The same services are functioning as before COVID-19, but some or all services are now being delivered remotely (e.g. by phone)",0,2,Currently closed due to COVID-19 but usually functioning for IDPs,Yes,,Yes,,450,Yes,No,0,Yes,,No changes,"Harikar Seed SOSD SWEDO Dorcas , FWE , MDM , War Child , Yahad",BRHA Harikar Seed SOSD Dorcas,Yahad War Child  FEW,,UNHCR Harikar,BRHA Harikar,Harikar,Harikar,UNHCR,CARE Harikar MoDM,IOM MoDM,Harikar MoDM Seed  Yahad,MoDM,WFP,,
Dawadia,37.093332,43.229453,Duhok,Al-Amadiya,Camp,Yes,No,,IQ0801-0001,IQ0801-0001,August,Yes,Govt.-MoI/JCCC,Yes,Yes,ACTED,6,6,Yes,4,2,,,Yes,Hotline phone number Face to face with CCCM staff / Community Mobilisers Through community representatives (e.g. Sector/Block leaders),Camp Management Committee Women committee Youth committee Maintenance Committee WASH Committee Health Committee,Yes,Community centre run by humanitarian organizations (currently closed due to COVID-19) Child Friendly Space (currently closed due to COVID-19),Excel based,Camp Management Team Word of Mouth Community leaders,900,4,0,Caravans,,,,,,,,,,,,,,,,,,,,,900,839,61,300,,,,,,,,,,No,1,579,2972,74,76,108,93,235,292,237,246,386,452,316,316,52,89,No,No,Electricity grid,95,Dug Well (HH Well),Yes,0,No,Yes,Municipal collection,Private latrines,900,Private showers,0,All (100%),None,All (100%),Numerous cases of pregnancy related diseases Numerous trauma-related injuries No other issue reported,Yes,5,Opening hours and services have not changed,Yes,Yes,Yes,Yes,Yes,,,Yes,No,Yes,Yes,Didn't report,Once per month,Once per month,No,,,No,No,Yes,Structured PSS Individual counselling Learning spaces and recreational PSS activities PSS through case management,"The same services are functioning as before COVID-19, but some or all services are now being delivered remotely (e.g. by phone)",95,25,"Yes, currently open and operational for IDPs",Yes,,Yes,,1010,No,No,0,Yes,,No changes,Emma Harikar,VOP,VOP,,,LWF,LWF,LWF,WFP,Step-In,Step-In,,,MODM,,
AAF,33.145167,43.850436,Al-Anbar,Al-Falluja,Camp,Yes,Yes,,IQ0102-0019,IQ0102-0019,August,Yes,Govt.- Anbar Emergency Cell,Yes,Yes,IOM,7,5,Yes,8,0,4,1,Yes,Face to face at complaints desk Face to face with CCCM staff / Community Mobilisers,Maintenance Committee Youth committee Women committee,No,Functional sports facilities (e.g. football pitch) Community centre run by humanitarian organizations (currently open) Child Friendly Space (currently closed due to COVID-19),Excel based,Camp Management Team Word of Mouth Camp Committees,5400,0,0,"MoMD Type of Tents UNHCR Type ofTents RHU (Refugee Housing Unit) Caravans Constructed Structure (ex. Housing units constructed by blocks, fully upgraded)",866,1193,0,1193,1000,2,2,0,2,2,,,,,,,,,,,463,463,400,200,63,63,63,63,16,16,16,,,No,5,931,3850,102,105,203,211,304,316,406,421,436,694,187,298,57,110,No,No,Electricity grid,60,RO.UNIT STATION ,Yes,0,Yes,No,Municipal collection,Private latrines Communal latrines,100,Communal showers Private showers,100,About a quarter (~ 25%),About half (~50%),Less than a quarter,No other issue reported,Yes,7,Opening hours and services have not changed,No,No,No,Yes,No,No,More than 5 km,,,,,51%-75%,Less than once a month,Less than once a month,Yes,"Needing to obtain security clearance/coupons Time restrictions on when to leave and return Needing to provide a specific reason for movement (employment, medical, school)",Restrictions have increased since COVID-19 and are imposed for other reasons than just health,No,No,No,Psychological First Aid,"The same services are functioning as before COVID-19, but some or all services are now being delivered remotely (e.g. by phone)",10,50,"Yes, currently open and operational for IDPs",Yes,,Yes,,700,No,No,0,Yes,,Reduced availability of items Increased prices,DRC IRC UNHCR UIMS,SSORD IRC UNHCR UIMS,SSORD,UNICEF,,SSORD,SSORD,Mercy Corps,IOM UNHCR Mercy Hands,UIMS DARY IOM,,,,WFP,,
Khazer M1,36.30807,43.54371,Ninewa,Al-Hamdaniya,Camp,Yes,No,,IQ1503-0010,IQ1503-0010,August,Yes,Govt.-MoI/JCCC,Yes,No,,5,0,Yes,13,2,,,Yes,Hotline phone number Complaints boxes,Camp Management Committee,Yes,Child Friendly Space (currently closed due to COVID-19),ASSIST,Camp Management Team Word of Mouth Camp Committees,153,0,0,MoMD Type of Tents,1700,1513,1513,1513,387,,,,,,,,,,,,,,,,,,,,,,,,,,,,,No,4,1076,5684,112,108,282,291,713,644,652,605,397,484,550,683,51,112,No,No,Centralized generators,70,Water Trucking,Yes,0,No,Yes,Communal garbage bin,Communal latrines,300,Communal showers,300,None,Less than a quarter,Less than a quarter,Numerous cases of respiratory diseases,Yes,7,Opening hours and services have not changed,No,No,No,Yes,Yes,,,No,No,No,No,51%-75%,Once per month,Once per month,No,,,No,No,No,PSS through case management,All services that were delivered before COVID-19 are now stopped,200,20,Usually not functioning for IDPs,Yes,,Yes,,1417,No,No,0,Yes,,No changes,SWEDO,Al-Masala,PAO,,,PAH,PAH,PAH,UNHCR,IMC BCF,DoH,,,WFP MoDM,,
Hasansham U2,36.30727,43.53602,Ninewa,Al-Hamdaniya,Camp,Yes,No,,IQ1503-0024,IQ1503-0024,August,Yes,Govt.-MoI/JCCC,Yes,No,,55,5,Yes,14,2,,,Yes,Complaints boxes Through community representatives (e.g. Sector/Block leaders),Camp Management Committee,Yes,Community centre run by humanitarian organizations (currently closed due to COVID-19) Child Friendly Space (currently closed due to COVID-19),ASSIST,Camp Management Team Community leaders,1562,0,0,UNHCR Type ofTents,,,,,,1233,1233,822,411,34,,,,,,,,,,,,,,,,,,,,,,,,No,3,933,4230,70,84,265,230,545,594,393,421,300,221,479,539,21,68,No,No,Centralized generators,70,Water Trucking,Yes,0,No,Yes,Communal garbage bin,Communal latrines,393,Communal showers,393,All (100%),About half (~50%),About three quarters (~75%),"Skin diseases (scabies, contagious rashes, etc.)",Yes,7,Opening hours and services have not changed,No,No,No,Yes,No,No,More than 5 km,,,,,Didn't report,Once per month,Once per month,No,,,No,No,No,Learning spaces and recreational PSS activities,"The same services are functioning as before COVID-19, and all services are being delivered in-person",400,30,"Yes, currently open and operational for IDPs",Yes,,No,Between 2-5 km,890,Yes,No,0,Yes,,No changes,Al-Masala,Al-Masala TDH-Lausanne,TDH-Lausanne,,UNHCR,PAH,PAH,PAH,WFP,Heevie,,Viyan,UNICEF DoH,,,
Qoratu,34.544193,45.390722,Diyala,Khanaqin,Camp,Yes,Yes,,IQ1004-0011,IQ1004-0011,August,Yes,Govt.-MoI/JCCC,Yes,No,,5,0,Yes,3,0,2,0,Yes,Complaints boxes,Camp Management Committee,No,Community centre or space for community self-run activities Child Friendly Space (currently closed due to COVID-19),ASSIST,Loudspeakers,,,17,UNHCR Type ofTents,,,,,,185,170,170,0,0,,,,,,,,,,,,,,,,,,,,,,,,No,0,138,662,25,30,31,30,57,59,56,59,77,83,66,72,8,9,Yes,No,Electricity grid,60,Dug Well (HH Well),Yes,0,No,Yes,Municipal collection,Private latrines,1040,Private showers,1040,All (100%),All (100%),All (100%),No other issue reported,No,5,PHC has closed since the start of COVID-19,,,,,No,No,More than 5 km,,,,,0-25%,Once per month,Once per month,No,,,No,No,Yes,Learning spaces and recreational PSS activities,"The same services are functioning as before COVID-19, and all services are being delivered in-person",0,50,"Yes, currently open and operational for IDPs",Yes,,Yes,,1,Yes,No,0,Yes,,No changes,,,DoLSA,,,Arche Nova,,Arche Nova,UNHCR,,,,,WFP MoDM,,
Tazade,34.70576,45.44898,Al-Sulaymaniyah,Kalar,Camp,Yes,Yes,,IQ0505-0002,IQ0505-0002,August,Yes,Govt.-MoI/JCCC,Yes,No,,5,5,Yes,4,0,,,Yes,Hotline phone number Complaints boxes,No Committees,No,Child Friendly Space (currently open),Excel based,Camp Management Team Loudspeakers,,,28,Caravans,,,,,,,,,,,,,,,,,,,,,900,350,0,0,,,,,,,,,,No,0,230,1120,35,39,54,72,98,102,98,139,109,120,141,85,10,18,Yes,Yes,Electricity grid Centralized generators,0,Network (private access),Yes,0,No,Yes,Municipal collection,Private latrines,900,Private showers,900,None,None,None,Other(s) – specify,No,5,PHC has closed since the start of COVID-19,,,,,No,No,,,,,,Didn't report,Once per month,Once per month,No,,,No,No,Didn't report,No PSS services,Didn't report,0,0,Didn't report,Yes,,Yes,,0,Didn't report,No,0,Yes,,No changes,,,,,,Arche Nova,,Arche Nova,UNHCR,,,,,,,
